{
  "license": "MIT",
  "support": "https://github.com/Magisk-Modules-Alt-Repo/node/issues",
  "donate": "https://github.com/sponsors/DerGoogler",
  "cover": "https://github.com/DerGoogler/cdn/blob/master/images/Node.js.Cover.png?raw=true",
  "icon": "https://avatars.githubusercontent.com/u/9950313?s=200&v=4",
  "require": [
    "mkshrc"
  ],
  "categories": [
    "Coding",
    "Configurable",
    "Tools"
  ],
  "readme": "https://raw.githubusercontent.com/Magisk-Modules-Alt-Repo/node/master/README.md"
}
